,id,age,job,education,default,day_of_week,duration,campaign,previous,cons.conf.idx,euribor3m,nr.employed,class
0,1,55-64,services,high.school,2,0,2,1,0,2,4,Above 52k,no
1,2,17-24,entrepreneur,high.school,0,0,3,1,0,2,4,Above 52k,no
2,3,45-54,blue-collar,basic.9y,0,0,2,2,0,2,4,Above 52k,no
3,4,55-64,admin.,high.school,0,0,2,1,0,2,4,Above 52k,no
4,5,45-54,management,university.degree,2,0,2,1,0,2,4,Above 52k,no
5,6,35-44,admin.,university.degree,0,0,2,1,0,2,4,Above 52k,no
6,7,45-54,entrepreneur,university.degree,2,0,4,1,0,2,4,Above 52k,yes
7,8,35-44,management,basic.6y,0,0,3,2,0,2,4,Above 52k,no
8,9,35-44,services,high.school,2,0,1,1,0,2,4,Above 52k,no
9,10,35-44,blue-collar,basic.9y,0,0,4,2,0,2,4,Above 52k,yes
10,11,55-64,blue-collar,basic.4y,2,1,2,1,0,2,4,Above 52k,no
11,12,35-44,retired,basic.4y,0,1,2,1,0,2,4,Above 52k,no
12,13,35-44,blue-collar,high.school,0,1,5,3,0,2,4,Above 52k,yes
13,14,17-24,admin.,university.degree,0,1,3,2,0,2,4,Above 52k,no
14,15,17-24,admin.,high.school,0,1,1,3,0,2,4,Above 52k,no
15,16,35-44,technician,professional.course,0,1,2,2,0,2,4,Above 52k,no
16,17,45-54,technician,university.degree,0,1,2,3,0,2,4,Above 52k,no
17,18,17-24,management,high.school,0,2,2,1,0,2,4,Above 52k,no
18,19,35-44,blue-collar,unknown,0,2,2,1,0,2,4,Above 52k,no
19,20,17-24,admin.,university.degree,0,2,4,1,0,2,4,Above 52k,yes
20,21,17-24,student,basic.9y,2,2,4,2,0,2,4,Above 52k,yes
21,22,35-44,admin.,unknown,0,2,5,1,0,2,4,Above 52k,no
22,23,45-54,blue-collar,basic.9y,2,2,4,1,0,2,4,Above 52k,no
23,24,45-54,retired,basic.4y,2,2,3,2,0,2,4,Above 52k,no
24,25,35-44,blue-collar,basic.4y,2,2,3,2,0,2,4,Above 52k,no
25,26,55-64,unknown,unknown,2,2,2,3,0,2,4,Above 52k,no
26,27,45-54,admin.,university.degree,0,2,2,1,0,2,4,Above 52k,no
27,28,17-24,admin.,high.school,0,2,2,2,0,2,4,Above 52k,no
28,29,35-44,management,basic.6y,0,2,2,3,0,2,4,Above 52k,no
29,30,17-24,blue-collar,basic.9y,0,2,2,2,0,2,4,Above 52k,no
30,31,45-54,blue-collar,basic.4y,2,3,2,1,0,2,4,Above 52k,no
31,32,45-54,blue-collar,high.school,2,3,2,1,0,2,4,Above 52k,no
32,33,17-24,technician,professional.course,0,3,3,1,0,2,4,Above 52k,no
33,34,17-24,housemaid,basic.9y,0,3,2,1,0,2,4,Above 52k,no
34,35,45-54,services,basic.9y,0,3,2,1,0,2,4,Above 52k,no
35,36,17-24,management,unknown,0,3,2,1,0,2,4,Above 52k,no
36,37,35-44,services,high.school,2,3,3,2,0,2,4,Above 52k,no
37,38,17-24,blue-collar,basic.9y,0,3,2,1,0,2,4,Above 52k,no
38,39,45-54,blue-collar,basic.9y,2,3,4,2,0,2,4,Above 52k,yes
39,40,45-54,technician,professional.course,0,3,2,1,0,2,4,Above 52k,no
40,41,17-24,student,university.degree,0,3,3,2,0,2,4,Above 52k,no
41,42,17-24,services,high.school,0,3,2,2,0,2,4,Above 52k,no
42,43,35-44,services,high.school,0,3,4,2,0,2,4,Above 52k,yes
43,44,17-24,technician,professional.course,0,3,3,3,0,2,4,Above 52k,no
44,45,35-44,blue-collar,basic.6y,2,3,2,2,0,2,4,Above 52k,no
45,46,17-24,services,professional.course,0,3,2,1,0,2,4,Above 52k,no
46,47,35-44,retired,high.school,0,3,2,4,0,2,4,Above 52k,no
47,48,45-54,technician,basic.9y,0,3,2,3,0,2,4,Above 52k,no
48,49,17-24,admin.,basic.9y,0,4,2,1,0,2,4,Above 52k,no
49,50,25-34,services,high.school,0,4,4,1,0,2,4,Above 52k,yes
50,51,35-44,housemaid,basic.4y,2,4,3,2,0,2,4,Above 52k,no
51,52,17-24,blue-collar,basic.9y,0,4,2,1,0,2,4,Above 52k,no
52,53,17-24,entrepreneur,unknown,0,4,2,3,0,2,4,Above 52k,no
53,54,25-34,services,high.school,0,0,4,2,0,2,4,Above 52k,yes
54,55,35-44,admin.,unknown,0,0,4,3,0,2,4,Above 52k,yes
55,56,17-24,student,university.degree,2,0,2,1,0,2,4,Above 52k,no
56,57,17-24,blue-collar,basic.4y,2,0,4,2,0,2,4,Above 52k,no
57,58,17-24,services,professional.course,2,0,3,3,0,2,4,Above 52k,no
58,59,17-24,blue-collar,basic.9y,0,0,2,3,0,2,4,Above 52k,no
59,60,35-44,admin.,high.school,0,0,2,4,0,2,4,Above 52k,no
60,61,55-64,admin.,high.school,0,0,2,3,0,2,4,Above 52k,no
61,62,35-44,blue-collar,basic.6y,2,1,2,1,0,2,4,Above 52k,no
62,63,17-24,admin.,university.degree,2,1,5,1,0,2,4,Above 52k,yes
63,64,17-24,technician,high.school,0,1,2,1,0,2,4,Above 52k,no
64,65,45-54,management,university.degree,2,1,2,1,0,2,4,Above 52k,no
65,66,17-24,services,basic.6y,2,1,4,4,0,2,4,Above 52k,yes
66,67,45-54,blue-collar,basic.9y,2,1,2,2,0,2,4,Above 52k,no
67,68,35-44,technician,professional.course,0,1,1,4,0,2,4,Above 52k,no
68,69,45-54,technician,unknown,0,1,2,0,0,2,4,Above 52k,no
69,70,35-44,blue-collar,high.school,0,2,2,3,0,2,4,Above 52k,no
70,71,45-54,blue-collar,basic.9y,0,2,2,1,0,2,4,Above 52k,no
71,72,17-24,admin.,high.school,0,2,2,1,0,2,4,Above 52k,no
72,73,35-44,blue-collar,basic.4y,2,2,4,2,0,2,4,Above 52k,yes
73,74,35-44,student,university.degree,0,2,4,2,0,2,4,Above 52k,yes
74,75,35-44,technician,basic.9y,0,2,2,2,0,2,4,Above 52k,no
75,76,17-24,blue-collar,basic.6y,2,2,2,2,0,2,4,Above 52k,no
76,77,35-44,admin.,professional.course,0,2,2,2,0,2,4,Above 52k,no
77,78,17-24,services,high.school,0,2,3,4,0,2,4,Above 52k,no
78,79,55-64,retired,professional.course,2,2,2,5,0,2,4,Above 52k,no
79,80,55-64,blue-collar,basic.4y,2,3,2,3,0,2,4,Above 52k,no
80,81,45-54,admin.,basic.6y,0,3,2,1,0,2,4,Above 52k,no
81,82,45-54,blue-collar,basic.9y,2,3,2,3,0,2,4,Above 52k,no
82,83,17-24,blue-collar,basic.6y,2,3,3,1,0,2,4,Above 52k,no
83,84,25-34,services,high.school,0,3,3,2,0,2,4,Above 52k,no
84,85,35-44,blue-collar,basic.4y,2,3,3,4,0,2,4,Above 52k,no
85,86,17-24,blue-collar,basic.6y,0,4,3,0,0,2,4,Above 52k,no
86,87,45-54,blue-collar,basic.9y,2,4,2,1,0,2,4,Above 52k,no
87,88,17-24,blue-collar,basic.6y,2,4,4,1,0,2,4,Above 52k,yes
88,89,45-54,technician,university.degree,0,4,4,3,0,2,4,Above 52k,yes
89,90,45-54,admin.,unknown,0,4,4,4,0,2,4,Above 52k,no
90,91,35-44,admin.,high.school,0,4,4,1,0,2,4,Above 52k,yes
91,92,45-54,blue-collar,basic.4y,0,4,2,2,0,2,4,Above 52k,no
92,93,45-54,admin.,university.degree,0,4,4,1,0,2,4,Above 52k,yes
93,94,35-44,blue-collar,basic.9y,0,4,2,3,0,2,4,Above 52k,no
94,95,45-54,retired,basic.9y,2,4,3,2,0,2,4,Above 52k,no
95,96,45-54,technician,professional.course,0,0,1,3,0,2,4,Above 52k,no
96,97,45-54,management,university.degree,0,0,1,1,0,2,4,Above 52k,no
97,98,45-54,blue-collar,basic.9y,0,0,4,1,0,2,4,Above 52k,yes
98,99,45-54,services,high.school,2,0,2,4,0,2,4,Above 52k,no
99,100,35-44,blue-collar,basic.9y,2,0,2,1,0,2,4,Above 52k,no
100,101,17-24,blue-collar,basic.6y,0,0,5,2,0,2,4,Above 52k,yes
101,102,17-24,admin.,university.degree,0,0,3,4,0,2,4,Above 52k,no
102,103,17-24,services,basic.6y,0,1,5,1,0,2,4,Above 52k,yes
103,104,35-44,technician,professional.course,0,1,1,1,0,2,4,Above 52k,no
104,105,35-44,blue-collar,unknown,2,1,2,1,0,2,4,Above 52k,no
105,106,35-44,blue-collar,basic.4y,2,1,3,0,0,2,4,Above 52k,no
106,107,17-24,technician,professional.course,0,1,2,1,0,2,4,Above 52k,no
107,108,17-24,services,high.school,0,1,2,1,0,2,4,Above 52k,no
108,109,17-24,technician,professional.course,0,1,2,1,0,2,4,Above 52k,no
109,110,17-24,admin.,high.school,0,1,2,2,0,2,4,Above 52k,no
110,111,17-24,technician,university.degree,0,1,2,4,0,2,4,Above 52k,no
111,112,45-54,admin.,high.school,0,1,3,1,0,2,4,Above 52k,no
112,113,35-44,admin.,basic.9y,2,2,3,1,0,2,4,Above 52k,no
113,114,35-44,blue-collar,basic.9y,0,2,3,1,0,2,4,Above 52k,no
114,115,55-64,admin.,high.school,0,2,2,1,0,2,4,Above 52k,no
115,116,45-54,self-employed,basic.4y,2,2,2,1,0,2,4,Above 52k,no
116,117,17-24,services,professional.course,0,2,2,3,0,2,4,Above 52k,no
117,118,45-54,admin.,professional.course,2,2,1,0,0,2,4,Above 52k,no
118,119,55-64,entrepreneur,university.degree,0,2,5,2,0,2,4,Above 52k,yes
119,120,17-24,blue-collar,basic.6y,0,2,2,2,0,2,4,Above 52k,no
120,121,35-44,services,basic.9y,2,2,2,2,0,2,4,Above 52k,no
121,122,35-44,services,high.school,0,2,3,3,0,2,4,Above 52k,yes
122,123,17-24,services,high.school,2,4,2,1,0,2,4,Above 52k,no
123,124,45-54,blue-collar,basic.4y,0,4,3,1,0,2,4,Above 52k,no
124,125,35-44,blue-collar,high.school,0,4,3,1,0,2,4,Above 52k,no
125,126,35-44,admin.,university.degree,0,4,3,1,0,2,4,Above 52k,no
126,127,45-54,entrepreneur,university.degree,0,4,2,1,0,2,4,Above 52k,no
127,128,55-64,management,university.degree,2,4,3,1,0,2,4,Above 52k,no
128,129,17-24,blue-collar,basic.6y,2,4,3,4,0,2,4,Above 52k,no
129,130,35-44,management,high.school,0,4,2,3,0,2,4,Above 52k,no
130,131,17-24,unknown,basic.9y,2,4,2,5,0,2,4,Above 52k,no
131,132,45-54,admin.,high.school,2,4,3,4,0,2,4,Above 52k,no
132,133,17-24,entrepreneur,high.school,2,0,2,1,0,2,4,Above 52k,no
133,134,35-44,housemaid,basic.4y,0,0,2,1,0,2,4,Above 52k,no
134,135,45-54,technician,unknown,0,0,3,1,0,2,4,Above 52k,no
135,136,55-64,blue-collar,professional.course,0,0,4,4,0,2,4,Above 52k,yes
136,137,17-24,entrepreneur,basic.9y,0,0,4,3,0,2,4,Above 52k,yes
137,138,35-44,services,high.school,0,1,1,4,0,2,4,Above 52k,no
138,139,35-44,management,unknown,0,1,2,1,0,2,4,Above 52k,no
139,140,35-44,housemaid,basic.9y,0,1,2,4,0,2,4,Above 52k,no
140,141,17-24,blue-collar,basic.9y,0,1,2,1,0,2,4,Above 52k,no
141,142,17-24,technician,professional.course,0,1,2,3,0,2,4,Above 52k,no
142,143,45-54,blue-collar,basic.9y,0,1,2,1,0,2,4,Above 52k,no
143,144,35-44,technician,university.degree,0,1,2,3,0,2,4,Above 52k,no
144,145,17-24,blue-collar,basic.9y,2,1,1,1,0,2,4,Above 52k,no
145,146,17-24,blue-collar,unknown,0,1,2,1,0,2,4,Above 52k,no
146,147,45-54,management,professional.course,0,1,4,1,0,2,4,Above 52k,yes
147,148,35-44,technician,university.degree,0,1,1,2,0,2,4,Above 52k,no
148,149,17-24,self-employed,basic.9y,0,1,6,2,0,2,4,Above 52k,yes
149,150,45-54,admin.,high.school,2,1,2,3,0,2,4,Above 52k,no
150,151,17-24,admin.,high.school,0,1,4,2,0,2,4,Above 52k,no
151,152,35-44,admin.,high.school,2,2,2,2,0,2,4,Above 52k,no
152,153,35-44,blue-collar,basic.4y,0,2,4,1,0,2,4,Above 52k,no
153,154,35-44,blue-collar,basic.9y,0,2,2,2,0,2,4,Above 52k,no
154,155,17-24,blue-collar,basic.6y,0,2,4,1,0,2,4,Above 52k,yes
155,156,45-54,technician,professional.course,2,2,2,2,0,2,4,Above 52k,no
156,157,35-44,technician,professional.course,0,2,2,3,0,2,4,Above 52k,no
157,158,45-54,housemaid,basic.4y,2,2,2,0,0,2,4,Above 52k,no
158,159,45-54,blue-collar,professional.course,0,2,1,5,0,2,4,Above 52k,no
159,160,17-24,management,university.degree,0,2,2,2,0,2,4,Above 52k,no
160,161,17-24,admin.,university.degree,0,2,3,2,0,2,4,Above 52k,no
161,162,35-44,technician,professional.course,2,2,2,2,0,2,4,Above 52k,no
162,163,35-44,management,university.degree,0,2,2,0,0,2,4,Above 52k,no
163,164,35-44,technician,basic.9y,2,3,3,1,0,2,4,Above 52k,yes
164,165,45-54,self-employed,basic.4y,2,3,1,1,0,2,4,Above 52k,no
165,166,17-24,services,high.school,0,3,4,2,0,2,4,Above 52k,no
166,167,45-54,services,high.school,0,3,2,1,0,2,4,Above 52k,no
167,168,35-44,admin.,high.school,0,3,4,2,0,2,4,Above 52k,yes
168,169,55-64,admin.,university.degree,0,3,3,3,0,2,4,Above 52k,no
169,170,55-64,blue-collar,basic.4y,2,4,3,1,0,2,4,Above 52k,no
170,171,55-64,unknown,unknown,2,4,3,1,0,2,4,Above 52k,no
171,172,35-44,blue-collar,basic.9y,0,4,1,6,0,2,4,Above 52k,no
172,173,17-24,management,university.degree,0,4,2,2,0,2,4,Above 52k,no
173,174,17-24,entrepreneur,professional.course,0,4,2,4,0,2,4,Above 52k,no
174,175,17-24,services,basic.9y,0,4,4,5,0,2,4,Above 52k,yes
175,176,45-54,technician,professional.course,0,0,2,3,0,3,4,Above 53k,no
176,177,45-54,management,university.degree,0,0,2,1,0,3,4,Above 53k,no
177,178,55-64,entrepreneur,university.degree,0,0,3,2,0,3,4,Above 53k,no
178,179,35-44,services,high.school,2,0,3,1,0,3,4,Above 53k,yes
179,180,45-54,blue-collar,basic.9y,2,0,2,2,0,3,4,Above 53k,no
180,181,35-44,management,university.degree,0,0,2,0,0,3,4,Above 53k,no
181,182,35-44,services,high.school,2,0,2,5,0,3,4,Above 53k,no
182,183,35-44,blue-collar,unknown,0,0,2,3,0,3,4,Above 53k,no
183,184,35-44,blue-collar,basic.9y,0,0,3,3,0,3,4,Above 53k,no
184,185,45-54,unemployed,basic.4y,0,0,2,6,0,3,4,Above 53k,no
185,186,17-24,technician,professional.course,0,1,1,1,0,3,4,Above 53k,no
186,187,17-24,blue-collar,high.school,0,1,4,3,0,3,4,Above 53k,yes
187,188,35-44,unemployed,professional.course,0,1,2,1,0,3,4,Above 53k,no
188,189,35-44,blue-collar,basic.4y,2,1,2,2,0,3,4,Above 53k,no
189,190,35-44,admin.,university.degree,0,1,4,0,0,3,4,Above 53k,no
190,191,45-54,retired,basic.4y,0,2,4,1,0,3,4,Above 53k,yes
191,192,35-44,admin.,high.school,0,2,4,2,0,3,4,Above 53k,yes
192,193,17-24,admin.,high.school,0,2,2,2,0,3,4,Above 53k,no
193,194,17-24,student,high.school,0,2,3,2,0,3,4,Above 53k,no
194,195,35-44,housemaid,high.school,0,2,5,6,0,3,4,Above 53k,yes
195,196,17-24,admin.,university.degree,0,2,2,2,0,3,4,Above 53k,no
196,197,17-24,self-employed,university.degree,0,2,2,1,0,3,4,Above 53k,no
197,198,35-44,technician,basic.9y,2,2,2,2,0,3,4,Above 53k,no
198,199,35-44,technician,professional.course,0,2,2,1,0,3,4,Above 53k,no
199,200,25-34,services,high.school,0,2,2,1,0,3,4,Above 53k,no
200,201,17-24,admin.,professional.course,0,3,2,1,0,3,4,Above 53k,no
201,202,17-24,admin.,university.degree,0,3,2,6,0,3,4,Above 53k,no
202,203,45-54,admin.,high.school,0,3,2,1,0,3,4,Above 53k,no
203,204,35-44,services,high.school,0,3,2,1,0,3,4,Above 53k,no
204,205,35-44,services,high.school,0,3,1,1,0,3,4,Above 53k,no
205,206,45-54,technician,professional.course,2,3,2,1,0,3,4,Above 53k,no
206,207,17-24,admin.,university.degree,0,3,1,1,0,3,4,Above 53k,no
207,208,45-54,blue-collar,basic.4y,2,3,2,3,0,3,4,Above 53k,no
208,209,45-54,blue-collar,basic.9y,0,3,4,4,0,3,4,Above 53k,no
209,210,17-24,technician,professional.course,0,4,1,1,0,3,4,Above 53k,no
210,211,17-24,blue-collar,high.school,0,4,4,2,0,3,4,Above 53k,no
211,212,55-64,blue-collar,high.school,2,4,2,3,0,3,4,Above 53k,no
212,213,35-44,admin.,high.school,0,4,2,3,0,3,4,Above 53k,no
213,214,17-24,admin.,university.degree,0,4,2,2,0,3,4,Above 53k,no
214,215,45-54,admin.,university.degree,0,4,6,3,0,3,4,Above 53k,yes
215,216,35-44,blue-collar,basic.9y,0,4,4,1,0,3,4,Above 53k,yes
216,217,45-54,retired,basic.4y,2,4,1,3,0,3,4,Above 53k,no
217,218,35-44,services,high.school,2,0,3,1,0,3,4,Above 53k,no
218,219,35-44,technician,basic.9y,0,0,2,1,0,3,4,Above 53k,no
219,220,35-44,technician,university.degree,0,0,2,1,0,3,4,Above 53k,no
220,221,17-24,blue-collar,basic.4y,2,0,2,1,0,3,4,Above 53k,no
221,222,17-24,services,high.school,0,0,2,0,0,3,4,Above 53k,no
222,223,45-54,blue-collar,basic.4y,0,0,2,1,0,3,4,Above 53k,no
223,224,25-34,services,high.school,0,0,4,1,0,3,4,Above 53k,yes
224,225,35-44,technician,professional.course,0,0,1,1,0,3,4,Above 53k,no
225,226,45-54,blue-collar,basic.4y,0,0,3,2,0,3,4,Above 53k,no
226,227,35-44,management,high.school,0,0,3,1,0,3,4,Above 53k,no
227,228,17-24,entrepreneur,university.degree,0,0,3,3,0,3,4,Above 53k,yes
228,229,17-24,blue-collar,high.school,0,2,1,2,0,3,4,Above 53k,no
229,230,55-64,management,university.degree,0,2,2,1,0,3,4,Above 53k,no
230,231,45-54,blue-collar,basic.4y,2,2,2,3,0,3,4,Above 53k,no
231,232,45-54,blue-collar,basic.9y,2,2,2,0,0,3,4,Above 53k,no
232,233,17-24,technician,university.degree,2,2,3,0,0,3,4,Above 53k,no
233,234,55-64,blue-collar,basic.4y,0,2,3,4,0,3,4,Above 53k,no
234,235,45-54,technician,university.degree,2,3,4,6,0,3,4,Above 53k,yes
235,236,25-34,services,basic.4y,0,3,1,1,0,3,4,Above 53k,no
236,237,45-54,blue-collar,basic.4y,2,3,2,2,0,3,4,Above 53k,no
237,238,35-44,services,high.school,0,3,3,2,0,3,4,Above 53k,no
238,239,35-44,admin.,high.school,0,0,4,0,0,3,4,Above 53k,yes
239,240,45-54,technician,university.degree,0,0,2,3,0,3,4,Above 53k,no
240,241,35-44,management,university.degree,0,0,5,0,0,3,4,Above 53k,yes
241,242,17-24,admin.,university.degree,0,0,2,3,0,3,4,Above 53k,no
242,243,17-24,services,high.school,0,0,2,2,0,3,4,Above 53k,no
243,244,45-54,admin.,high.school,0,0,1,5,0,3,4,Above 53k,no
244,245,35-44,blue-collar,basic.9y,2,0,2,3,0,3,4,Above 53k,no
245,246,45-54,entrepreneur,basic.4y,2,0,3,2,0,3,4,Above 53k,no
246,247,35-44,blue-collar,high.school,0,1,2,3,0,3,4,Above 53k,no
247,248,35-44,technician,professional.course,0,1,3,2,0,3,4,Above 53k,no
248,249,17-24,services,university.degree,0,1,1,1,0,3,4,Above 53k,no
249,250,35-44,management,university.degree,0,1,3,4,0,3,4,Above 53k,yes
250,251,35-44,blue-collar,professional.course,2,1,2,3,0,3,4,Above 53k,no
251,252,35-44,management,basic.9y,0,1,2,3,0,3,4,Above 53k,no
252,253,55-64,housemaid,university.degree,0,1,3,3,0,3,4,Above 53k,no
253,254,35-44,blue-collar,basic.6y,0,2,5,1,0,3,4,Above 53k,yes
254,255,17-24,services,high.school,0,2,2,1,0,3,4,Above 53k,no
255,256,45-54,management,university.degree,2,2,3,1,0,3,4,Above 53k,no
256,257,35-44,blue-collar,professional.course,0,2,2,3,0,3,4,Above 53k,no
257,258,35-44,management,unknown,2,2,4,0,0,3,4,Above 53k,yes
258,259,45-54,management,university.degree,2,2,2,2,0,3,4,Above 53k,no
259,260,55-64,admin.,university.degree,0,2,5,3,0,3,4,Above 53k,yes
260,261,17-24,admin.,high.school,0,3,1,0,0,3,4,Above 53k,no
261,262,35-44,student,university.degree,2,3,4,1,0,3,4,Above 53k,yes
262,263,35-44,unemployed,professional.course,0,3,1,1,0,3,4,Above 53k,no
263,264,25-34,technician,professional.course,0,3,2,2,0,3,4,Above 53k,no
264,265,35-44,blue-collar,basic.6y,2,3,4,2,0,3,4,Above 53k,yes
265,266,55-64,blue-collar,basic.4y,2,3,4,1,0,3,4,Above 53k,yes
266,267,55-64,blue-collar,basic.4y,2,3,2,2,0,3,4,Above 53k,no
267,268,45-54,admin.,basic.9y,2,4,4,2,0,3,4,Above 53k,yes
268,269,35-44,management,university.degree,0,4,2,1,0,3,4,Above 53k,no
269,270,17-24,admin.,university.degree,0,4,1,1,0,3,4,Above 53k,no
270,271,35-44,services,university.degree,0,4,2,1,0,3,4,Above 53k,no
271,272,45-54,technician,professional.course,2,4,4,0,0,3,4,Above 53k,yes
272,273,35-44,blue-collar,basic.4y,2,4,5,1,0,3,4,Above 53k,yes
273,274,17-24,blue-collar,basic.9y,2,4,2,2,0,3,4,Above 53k,no
274,275,45-54,management,basic.9y,2,4,3,0,0,3,4,Above 53k,no
275,276,17-24,blue-collar,basic.9y,2,4,2,0,0,3,4,Above 53k,no
276,277,55-64,retired,basic.9y,2,4,1,0,0,3,4,Above 53k,no
277,278,35-44,admin.,university.degree,0,4,1,4,0,3,4,Above 53k,no
278,279,17-24,blue-collar,basic.9y,0,0,4,2,0,3,4,Above 53k,yes
279,280,17-24,services,high.school,0,2,3,2,0,3,4,Above 53k,no
280,281,45-54,blue-collar,high.school,0,3,4,3,0,3,4,Above 53k,yes
281,282,35-44,blue-collar,basic.9y,0,3,4,3,0,3,4,Above 53k,yes
282,283,55-64,retired,high.school,0,3,6,2,0,3,4,Above 53k,yes
283,284,17-24,management,university.degree,0,0,2,4,0,3,4,Above 53k,no
284,285,45-54,technician,basic.9y,0,0,4,6,0,3,4,Above 53k,yes
285,286,35-44,blue-collar,basic.9y,0,1,3,2,0,3,4,Above 53k,no
286,287,35-44,admin.,high.school,0,2,2,0,0,3,4,Above 53k,no
287,288,35-44,retired,unknown,0,3,2,2,0,3,4,Above 53k,no
288,289,45-54,admin.,high.school,2,3,3,3,0,3,4,Above 53k,no
289,290,17-24,housemaid,basic.9y,0,3,2,1,0,3,4,Above 53k,no
290,291,45-54,admin.,high.school,0,3,2,0,0,3,4,Above 53k,no
291,292,45-54,management,university.degree,2,4,3,1,0,3,4,Above 53k,no
292,293,35-44,entrepreneur,university.degree,0,4,2,2,0,3,4,Above 53k,no
293,294,55-64,retired,professional.course,2,4,2,2,0,3,4,Above 53k,no
294,295,35-44,services,high.school,0,0,2,4,0,3,4,Above 53k,no
295,296,35-44,blue-collar,high.school,0,0,4,1,0,3,4,Above 53k,yes
296,297,45-54,admin.,high.school,0,0,3,1,0,3,4,Above 53k,no
297,298,45-54,management,university.degree,0,0,2,1,0,3,4,Above 53k,no
298,299,35-44,technician,university.degree,0,0,2,1,0,3,4,Above 53k,no
299,300,45-54,admin.,university.degree,0,0,1,1,0,3,4,Above 53k,no
300,301,35-44,entrepreneur,basic.6y,2,0,4,3,0,3,4,Above 53k,yes
301,302,17-24,services,high.school,0,0,3,1,0,3,4,Above 53k,no
302,303,45-54,unemployed,unknown,0,0,2,0,0,3,4,Above 53k,no
303,304,35-44,admin.,professional.course,0,0,2,3,0,3,4,Above 53k,no
304,305,17-24,technician,professional.course,0,0,1,0,0,3,4,Above 53k,no
305,306,17-24,services,high.school,0,1,2,1,0,3,4,Above 53k,no
306,307,25-34,blue-collar,basic.4y,0,1,2,1,0,3,4,Above 53k,no
307,308,35-44,blue-collar,basic.4y,2,1,2,1,0,3,4,Above 53k,no
308,309,17-24,technician,professional.course,0,1,2,1,0,3,4,Above 53k,no
309,310,17-24,blue-collar,basic.6y,0,1,3,1,0,3,4,Above 53k,no
310,311,35-44,technician,high.school,0,2,4,1,0,3,4,Above 53k,yes
311,312,25-34,blue-collar,basic.9y,0,2,4,1,0,3,4,Above 53k,yes
312,313,17-24,blue-collar,basic.4y,2,2,2,1,0,3,4,Above 53k,no
313,314,17-24,admin.,high.school,0,2,4,1,0,3,4,Above 53k,no
314,315,17-24,management,high.school,0,2,2,1,0,3,4,Above 53k,no
315,316,17-24,technician,university.degree,0,2,3,2,0,3,4,Above 53k,no
316,317,55-64,housemaid,basic.4y,0,3,2,1,0,3,4,Above 53k,no
317,318,35-44,blue-collar,basic.9y,2,3,2,1,0,3,4,Above 53k,no
318,319,35-44,blue-collar,basic.4y,0,3,4,1,0,3,4,Above 53k,no
319,320,55-64,management,basic.4y,2,3,3,1,0,3,4,Above 53k,yes
320,321,35-44,blue-collar,basic.9y,0,3,4,1,0,3,4,Above 53k,yes
321,322,17-24,blue-collar,basic.6y,0,3,2,1,0,3,4,Above 53k,no
322,323,17-24,admin.,high.school,0,3,2,6,0,3,4,Above 53k,no
323,324,35-44,technician,university.degree,0,3,3,4,0,3,4,Above 53k,no
324,325,17-24,blue-collar,professional.course,0,3,2,5,0,3,4,Above 53k,no
325,326,17-24,technician,university.degree,0,3,2,2,0,3,4,Above 53k,no
326,327,17-24,self-employed,university.degree,0,3,2,6,0,3,4,Above 53k,no
327,328,35-44,blue-collar,basic.4y,2,3,2,0,0,3,4,Above 53k,no
328,329,25-34,services,high.school,0,3,4,3,0,3,4,Above 53k,yes
329,330,55-64,management,university.degree,2,3,2,1,0,3,4,Above 53k,no
330,331,35-44,blue-collar,basic.9y,2,4,2,1,0,3,4,Above 53k,no
331,332,45-54,blue-collar,basic.9y,0,4,3,2,0,3,4,Above 53k,no
332,333,35-44,blue-collar,basic.9y,0,4,4,2,0,3,4,Above 53k,yes
333,334,17-24,blue-collar,basic.6y,0,4,2,2,0,3,4,Above 53k,no
334,335,17-24,blue-collar,basic.6y,0,4,2,2,0,3,4,Above 53k,no
335,336,35-44,blue-collar,basic.6y,0,4,2,2,0,3,4,Above 53k,no
336,337,17-24,blue-collar,basic.9y,0,4,4,2,0,3,4,Above 53k,yes
337,338,35-44,admin.,high.school,0,0,3,2,0,3,4,Above 53k,no
338,339,45-54,admin.,university.degree,2,0,2,4,0,3,4,Above 53k,no
339,340,45-54,self-employed,university.degree,0,0,2,3,0,3,4,Above 53k,no
340,341,35-44,services,high.school,0,0,3,3,0,3,4,Above 53k,no
341,342,35-44,blue-collar,basic.9y,0,0,4,2,0,3,4,Above 53k,yes
342,343,35-44,blue-collar,high.school,0,0,2,2,0,3,4,Above 53k,no
343,344,17-24,admin.,basic.9y,0,0,3,4,0,3,4,Above 53k,no
344,345,17-24,services,high.school,0,0,4,3,0,3,4,Above 53k,yes
345,346,25-34,services,high.school,0,0,4,3,0,3,4,Above 53k,no
346,347,55-64,blue-collar,basic.4y,2,0,2,6,0,3,4,Above 53k,no
347,348,17-24,admin.,university.degree,0,1,3,2,0,3,4,Above 53k,no
348,349,35-44,technician,basic.9y,0,1,4,3,0,3,4,Above 53k,yes
349,350,35-44,services,high.school,0,1,2,3,0,3,4,Above 53k,no
350,351,55-64,blue-collar,unknown,0,1,2,4,0,3,4,Above 53k,no
351,352,45-54,blue-collar,basic.4y,2,1,4,4,0,3,4,Above 53k,no
352,353,45-54,management,university.degree,0,1,2,2,0,3,4,Above 53k,no
353,354,17-24,blue-collar,basic.9y,2,1,4,5,0,3,4,Above 53k,yes
354,355,35-44,housemaid,basic.9y,2,2,2,1,0,3,4,Above 53k,no
355,356,17-24,technician,university.degree,0,2,3,1,0,3,4,Above 53k,no
356,357,45-54,retired,basic.4y,0,2,5,1,0,3,4,Above 53k,yes
357,358,17-24,self-employed,university.degree,0,2,3,1,0,3,4,Above 53k,no
358,359,45-54,blue-collar,basic.6y,2,2,4,2,0,3,4,Above 53k,yes
359,360,17-24,blue-collar,professional.course,0,2,3,2,0,3,4,Above 53k,no
360,361,35-44,blue-collar,high.school,2,3,3,4,0,3,4,Above 53k,no
361,362,35-44,self-employed,university.degree,0,3,4,1,0,3,4,Above 53k,no
362,363,45-54,blue-collar,basic.6y,2,3,4,3,0,3,4,Above 53k,yes
363,364,17-24,admin.,high.school,2,3,2,3,0,3,4,Above 53k,no
364,365,17-24,blue-collar,basic.6y,2,3,2,3,0,3,4,Above 53k,no
365,366,55-64,technician,basic.9y,2,3,2,6,0,3,4,Above 53k,no
366,367,17-24,blue-collar,unknown,0,3,2,2,0,3,4,Above 53k,no
367,368,17-24,blue-collar,basic.9y,0,3,2,1,0,3,4,Above 53k,no
368,369,35-44,entrepreneur,university.degree,2,4,3,6,0,3,4,Above 53k,no
369,370,35-44,blue-collar,basic.9y,0,4,2,1,0,3,4,Above 53k,no
370,371,45-54,blue-collar,basic.4y,2,4,2,1,0,3,4,Above 53k,no
371,372,35-44,entrepreneur,basic.9y,2,4,4,2,0,3,4,Above 53k,yes
372,373,17-24,services,basic.9y,0,4,2,2,0,3,4,Above 53k,no
373,374,17-24,technician,high.school,0,4,2,0,0,3,4,Above 53k,no
374,375,45-54,technician,professional.course,0,4,3,5,0,3,4,Above 53k,no
375,376,17-24,blue-collar,basic.6y,0,4,4,3,0,3,4,Above 53k,yes
376,377,45-54,admin.,high.school,2,4,2,4,0,3,4,Above 53k,no
377,378,17-24,services,high.school,0,4,3,2,0,3,4,Above 53k,no
378,379,17-24,admin.,university.degree,2,4,4,0,0,3,4,Above 53k,no
379,380,25-34,student,high.school,0,4,2,2,0,3,4,Above 53k,no
380,381,17-24,blue-collar,basic.4y,0,0,3,1,0,3,4,Above 53k,no
381,382,45-54,services,high.school,0,0,2,3,0,3,4,Above 53k,no
382,383,17-24,admin.,high.school,0,0,2,1,0,3,4,Above 53k,no
383,384,35-44,technician,professional.course,0,0,4,3,0,3,4,Above 53k,no
384,385,35-44,technician,professional.course,2,0,4,5,0,3,4,Above 53k,yes
385,386,45-54,admin.,university.degree,2,0,2,3,0,3,4,Above 53k,no
386,387,35-44,services,high.school,2,1,2,3,0,3,4,Above 53k,no
387,388,35-44,admin.,high.school,0,1,2,1,0,3,4,Above 53k,no
388,389,17-24,services,high.school,0,1,4,1,0,3,4,Above 53k,yes
389,390,45-54,housemaid,basic.4y,2,1,2,1,0,3,4,Above 53k,no
390,391,17-24,blue-collar,high.school,0,1,2,1,0,3,4,Above 53k,no
391,392,55-64,retired,basic.6y,0,1,2,1,0,3,4,Above 53k,no
392,393,17-24,blue-collar,basic.6y,2,1,2,5,0,3,4,Above 53k,no
393,394,17-24,unemployed,university.degree,0,1,2,1,0,3,4,Above 53k,no
394,395,17-24,blue-collar,high.school,0,1,4,2,0,3,4,Above 53k,yes
395,396,55-64,retired,basic.4y,0,2,4,1,0,3,4,Above 53k,yes
396,397,17-24,blue-collar,basic.9y,2,2,2,1,0,3,4,Above 53k,no
397,398,17-24,services,high.school,0,2,2,1,0,3,4,Above 53k,no
398,399,17-24,blue-collar,basic.9y,2,2,2,4,0,3,4,Above 53k,no
399,400,45-54,entrepreneur,university.degree,0,2,3,2,0,3,4,Above 53k,no
400,401,55-64,technician,basic.4y,2,2,2,2,0,3,4,Above 53k,no
401,402,45-54,self-employed,university.degree,0,2,4,2,0,3,4,Above 53k,yes
402,403,25-34,services,high.school,0,2,2,5,0,3,4,Above 53k,no
403,404,35-44,entrepreneur,university.degree,0,2,2,4,0,3,4,Above 53k,no
404,405,35-44,admin.,high.school,0,3,1,3,0,3,4,Above 53k,no
405,406,35-44,housemaid,basic.6y,2,3,1,1,0,3,4,Above 53k,no
406,407,45-54,services,basic.9y,2,3,1,2,0,3,4,Above 53k,no
407,408,35-44,blue-collar,basic.6y,2,3,2,1,0,3,4,Above 53k,no
408,409,17-24,services,high.school,0,3,2,2,0,3,4,Above 53k,no
409,410,35-44,blue-collar,basic.9y,0,3,1,4,0,3,4,Above 53k,no
410,411,45-54,technician,basic.6y,0,3,4,1,0,3,4,Above 53k,no
411,412,35-44,blue-collar,high.school,2,3,2,3,0,3,4,Above 53k,no
412,413,35-44,admin.,high.school,0,3,5,1,0,3,4,Above 53k,no
413,414,17-24,blue-collar,basic.4y,0,3,3,5,0,3,4,Above 53k,no
414,415,55-64,self-employed,university.degree,0,3,3,0,0,3,4,Above 53k,no
415,416,17-24,technician,high.school,0,4,4,1,0,3,4,Above 53k,yes
416,417,55-64,technician,high.school,0,4,3,0,0,3,4,Above 53k,yes
417,418,17-24,services,high.school,0,4,2,3,0,3,4,Above 53k,no
418,419,45-54,admin.,university.degree,0,4,2,1,0,3,4,Above 53k,no
419,420,55-64,technician,basic.4y,2,4,2,3,0,3,4,Above 53k,no
420,421,45-54,admin.,university.degree,2,4,2,3,0,3,4,Above 53k,no
421,422,45-54,blue-collar,unknown,2,4,3,2,0,3,4,Above 53k,no
422,423,55-64,technician,basic.9y,2,4,2,0,0,3,4,Above 53k,no
423,424,45-54,admin.,university.degree,0,0,2,3,0,3,4,Above 53k,no
424,425,45-54,management,university.degree,0,0,4,2,0,3,4,Above 53k,yes
425,426,35-44,management,high.school,2,0,1,1,0,3,4,Above 53k,no
426,427,35-44,management,high.school,2,0,2,5,0,3,4,Above 53k,no
427,428,45-54,admin.,high.school,0,0,2,3,0,3,4,Above 53k,no
428,429,55-64,admin.,professional.course,0,0,2,6,0,3,4,Above 53k,no
429,430,45-54,management,university.degree,0,1,2,1,0,3,4,Above 53k,no
430,431,45-54,blue-collar,high.school,0,1,2,0,0,3,4,Above 53k,no
431,432,45-54,services,high.school,2,1,2,1,0,3,4,Above 53k,no
432,433,35-44,blue-collar,unknown,2,1,1,0,0,3,4,Above 53k,no
433,434,35-44,admin.,university.degree,2,1,2,1,0,3,4,Above 53k,no
434,435,45-54,housemaid,basic.4y,2,1,3,2,0,3,4,Above 53k,no
435,436,35-44,blue-collar,basic.9y,0,1,4,0,0,3,4,Above 53k,yes
436,437,17-24,blue-collar,professional.course,0,1,2,0,0,3,4,Above 53k,no
437,438,17-24,admin.,university.degree,0,2,1,6,0,3,4,Above 53k,no
438,439,35-44,admin.,university.degree,0,2,3,5,0,3,4,Above 53k,no
439,440,55-64,entrepreneur,unknown,2,2,3,1,0,3,4,Above 53k,yes
440,441,35-44,admin.,high.school,0,2,4,1,0,3,4,Above 53k,yes
441,442,35-44,technician,professional.course,0,2,1,1,0,3,4,Above 53k,no
442,443,17-24,student,university.degree,0,2,2,4,0,3,4,Above 53k,no
443,444,45-54,admin.,basic.9y,0,2,4,2,0,3,4,Above 53k,yes
444,445,35-44,services,high.school,0,2,2,2,0,3,4,Above 53k,no
445,446,35-44,technician,professional.course,2,2,2,0,0,3,4,Above 53k,no
446,447,35-44,admin.,unknown,0,2,3,3,0,3,4,Above 53k,no
447,448,45-54,housemaid,basic.4y,2,2,2,3,0,3,4,Above 53k,no
448,449,35-44,admin.,high.school,0,3,2,0,0,3,4,Above 53k,no
449,450,35-44,services,high.school,0,3,2,3,0,3,4,Above 53k,no
450,451,45-54,admin.,university.degree,0,3,2,1,0,3,4,Above 53k,no
451,452,35-44,housemaid,high.school,0,3,2,2,0,3,4,Above 53k,no
452,453,55-64,technician,university.degree,2,3,2,1,0,3,4,Above 53k,no
453,454,35-44,blue-collar,basic.9y,2,3,2,2,0,3,4,Above 53k,no
454,455,35-44,blue-collar,basic.9y,2,3,3,2,0,3,4,Above 53k,no
455,456,17-24,management,university.degree,0,3,2,3,0,3,4,Above 53k,no
456,457,17-24,blue-collar,basic.4y,2,3,1,3,0,3,4,Above 53k,no
457,458,55-64,blue-collar,basic.6y,2,3,1,5,0,3,4,Above 53k,no
458,459,35-44,technician,university.degree,0,0,1,1,0,2,4,Above 53k,no
459,460,35-44,technician,professional.course,0,0,2,1,0,2,4,Above 53k,no
460,461,35-44,services,professional.course,0,0,2,1,0,2,4,Above 53k,no
461,462,35-44,admin.,high.school,0,0,2,2,0,2,4,Above 53k,no
462,463,55-64,retired,professional.course,2,0,3,4,0,2,4,Above 53k,no
463,464,45-54,admin.,unknown,0,1,4,1,0,2,4,Above 53k,yes
464,465,45-54,blue-collar,basic.4y,0,1,2,1,0,2,4,Above 53k,no
465,466,35-44,admin.,university.degree,0,1,3,3,0,2,4,Above 53k,yes
466,467,35-44,admin.,university.degree,0,1,2,2,0,2,4,Above 53k,no
467,468,45-54,services,high.school,0,1,2,1,0,2,4,Above 53k,no
468,469,45-54,blue-collar,basic.6y,2,1,2,2,0,2,4,Above 53k,no
469,470,45-54,blue-collar,basic.9y,2,2,2,1,0,2,4,Above 53k,no
470,471,45-54,unknown,unknown,0,2,2,3,0,2,4,Above 53k,no
471,472,45-54,blue-collar,unknown,0,2,4,1,0,2,4,Above 53k,yes
472,473,35-44,technician,high.school,0,2,2,2,0,2,4,Above 53k,no
473,474,45-54,blue-collar,basic.9y,2,3,2,2,0,2,4,Above 53k,no
474,475,17-24,services,professional.course,2,3,2,5,0,2,4,Above 53k,no
475,476,35-44,technician,university.degree,0,4,2,2,0,2,4,Above 53k,no
476,477,35-44,admin.,university.degree,0,4,2,1,0,2,4,Above 53k,no
477,478,17-24,admin.,university.degree,2,4,2,2,0,2,4,Above 53k,no
478,479,17-24,blue-collar,high.school,0,4,4,3,0,2,4,Above 53k,no
479,480,55-64,services,high.school,2,0,1,1,0,2,4,Above 53k,no
480,481,35-44,admin.,high.school,0,0,4,2,0,2,4,Above 53k,yes
481,482,17-24,admin.,university.degree,0,0,2,2,0,2,4,Above 53k,no
482,483,17-24,admin.,university.degree,0,0,2,1,0,2,4,Above 53k,no
483,484,17-24,admin.,university.degree,0,0,3,1,0,2,4,Above 53k,yes
484,485,17-24,technician,university.degree,0,0,2,1,0,2,4,Above 53k,no
485,486,45-54,admin.,university.degree,0,0,2,1,0,2,4,Above 53k,no
486,487,45-54,services,basic.9y,0,0,4,1,0,2,4,Above 53k,yes
487,488,17-24,management,high.school,0,0,2,0,0,2,4,Above 53k,no
488,489,35-44,technician,high.school,0,1,2,1,0,2,4,Above 53k,no
489,490,35-44,technician,professional.course,0,1,2,3,0,2,4,Above 53k,no
490,491,17-24,technician,professional.course,0,1,3,3,0,2,4,Above 53k,yes
491,492,17-24,technician,university.degree,0,1,4,3,0,2,4,Above 53k,yes
492,493,45-54,admin.,high.school,0,1,2,6,0,2,4,Above 53k,no
493,494,35-44,admin.,university.degree,0,2,1,1,0,2,4,Above 53k,no
494,495,35-44,admin.,university.degree,0,2,2,3,0,2,4,Above 53k,no
495,496,17-24,technician,professional.course,0,3,2,1,0,2,4,Above 53k,no
496,497,17-24,technician,university.degree,0,3,3,1,0,2,4,Above 53k,no
497,498,17-24,technician,university.degree,0,3,2,1,0,2,4,Above 53k,no
498,499,17-24,admin.,university.degree,0,3,2,1,0,2,4,Above 53k,no
499,500,17-24,technician,university.degree,0,3,2,1,0,2,4,Above 53k,no
500,501,45-54,blue-collar,basic.4y,0,3,2,1,0,2,4,Above 53k,no
501,502,35-44,self-employed,basic.4y,2,3,1,2,0,2,4,Above 53k,no
502,503,35-44,technician,university.degree,0,3,5,2,0,2,4,Above 53k,yes
503,504,17-24,admin.,university.degree,2,0,2,0,0,2,4,Above 53k,no
504,505,35-44,technician,university.degree,0,0,2,2,0,2,4,Above 53k,no
505,506,17-24,admin.,university.degree,0,0,2,4,0,2,4,Above 53k,no
506,507,35-44,technician,professional.course,0,0,2,1,0,2,4,Above 53k,no
507,508,45-54,admin.,university.degree,0,0,2,0,0,2,4,Above 53k,no
508,509,35-44,admin.,university.degree,0,1,2,1,0,2,4,Above 53k,no
509,510,35-44,technician,university.degree,0,1,2,1,0,2,4,Above 53k,no
510,511,55-64,unknown,basic.4y,0,1,4,0,0,2,4,Above 53k,yes
511,512,35-44,management,high.school,0,1,4,1,0,2,4,Above 53k,no
512,513,17-24,technician,professional.course,0,1,2,1,0,2,4,Above 53k,no
513,514,35-44,admin.,university.degree,0,1,2,1,0,2,4,Above 53k,no
514,515,45-54,admin.,high.school,0,1,2,2,0,2,4,Above 53k,no
515,516,35-44,admin.,university.degree,0,1,2,1,0,2,4,Above 53k,no
516,517,35-44,technician,university.degree,0,1,2,3,0,2,4,Above 53k,no
517,518,17-24,self-employed,university.degree,0,1,2,5,0,2,4,Above 53k,no
518,519,55-64,services,high.school,0,1,2,3,0,2,4,Above 53k,no
519,520,17-24,admin.,professional.course,0,2,2,1,0,2,4,Above 53k,no
520,521,17-24,blue-collar,basic.9y,0,2,2,1,0,2,4,Above 53k,no
521,522,55-64,admin.,university.degree,0,2,3,5,0,2,4,Above 53k,no
522,523,35-44,admin.,university.degree,0,2,5,3,0,2,4,Above 53k,yes
523,524,45-54,services,high.school,0,3,3,1,0,2,4,Above 53k,no
524,525,35-44,technician,university.degree,0,3,2,1,0,2,4,Above 53k,no
525,526,17-24,admin.,university.degree,0,3,2,2,0,2,4,Above 53k,no
526,527,17-24,technician,high.school,0,3,2,1,0,2,4,Above 53k,no
527,528,45-54,blue-collar,basic.6y,0,3,3,1,0,2,4,Above 53k,no
528,529,35-44,blue-collar,professional.course,0,3,2,1,0,2,4,Above 53k,no
529,530,17-24,technician,university.degree,2,4,4,2,0,2,4,Above 53k,yes
530,531,17-24,admin.,university.degree,0,4,3,1,0,2,4,Above 53k,yes
531,532,45-54,technician,university.degree,2,4,2,1,0,2,4,Above 53k,no
532,533,35-44,self-employed,basic.9y,2,4,5,1,0,2,4,Above 53k,yes
533,534,17-24,technician,university.degree,0,4,2,2,0,2,4,Above 53k,no
534,535,17-24,admin.,university.degree,0,4,2,3,0,2,4,Above 53k,no
535,536,45-54,blue-collar,basic.9y,0,4,1,0,0,2,4,Above 53k,no
536,537,17-24,technician,high.school,0,4,2,2,0,2,4,Above 53k,no
537,538,35-44,technician,university.degree,0,4,2,0,0,2,4,Above 53k,no
538,539,35-44,admin.,professional.course,0,4,3,3,0,2,4,Above 53k,no
539,540,45-54,blue-collar,basic.9y,0,0,2,2,0,2,4,Above 53k,no
540,541,17-24,technician,university.degree,0,0,4,3,0,2,4,Above 53k,yes
541,542,35-44,technician,high.school,0,0,4,6,0,2,4,Above 53k,yes
542,543,35-44,technician,professional.course,0,1,2,0,0,2,4,Above 53k,no
543,544,35-44,technician,professional.course,0,1,3,1,0,2,4,Above 53k,no
544,545,17-24,technician,professional.course,0,1,2,1,0,2,4,Above 53k,no
545,546,55-64,blue-collar,basic.4y,2,1,3,0,0,2,4,Above 53k,no
546,547,35-44,self-employed,university.degree,0,1,2,6,0,2,4,Above 53k,no
547,548,35-44,admin.,university.degree,0,2,1,0,0,2,4,Above 53k,no
548,549,17-24,self-employed,basic.4y,0,2,2,0,0,2,4,Above 53k,no
549,550,35-44,technician,professional.course,0,3,3,3,0,2,4,Above 53k,no
550,551,17-24,technician,university.degree,0,3,4,3,0,2,4,Above 53k,yes
551,552,17-24,services,university.degree,2,3,2,3,0,2,4,Above 53k,no
552,553,35-44,admin.,university.degree,0,3,1,5,0,2,4,Above 53k,no
553,554,17-24,technician,university.degree,0,3,2,2,0,2,4,Above 53k,no
554,555,17-24,technician,professional.course,0,3,1,0,0,2,4,Above 53k,no
555,556,55-64,admin.,basic.9y,0,3,2,1,0,2,4,Above 53k,no
556,557,17-24,admin.,university.degree,0,3,1,5,0,2,4,Above 53k,no
557,558,17-24,admin.,university.degree,0,3,4,0,0,2,4,Above 53k,yes
558,559,17-24,technician,university.degree,0,4,1,1,0,2,4,Above 53k,no
559,560,17-24,technician,university.degree,0,4,4,1,0,2,4,Above 53k,no
560,561,35-44,admin.,university.degree,0,4,2,0,0,2,4,Above 53k,no
561,562,35-44,technician,university.degree,2,4,4,1,0,2,4,Above 53k,no
562,563,17-24,unemployed,university.degree,0,4,1,0,0,2,4,Above 53k,no
563,564,35-44,blue-collar,basic.9y,0,4,2,1,0,3,4,Above 52k,yes
564,565,35-44,technician,professional.course,0,4,2,1,0,3,4,Above 52k,no
565,566,17-24,entrepreneur,university.degree,0,1,3,1,0,3,4,Above 52k,yes
566,567,45-54,entrepreneur,university.degree,0,1,2,1,0,3,4,Above 52k,yes
567,568,17-24,self-employed,professional.course,0,2,4,1,0,3,4,Above 52k,yes
568,569,17-24,blue-collar,basic.9y,0,4,2,1,0,3,5,Above 52k,yes
569,570,17-24,student,university.degree,0,0,2,1,0,3,5,Above 52k,no
570,571,17-24,self-employed,university.degree,0,3,2,1,0,3,5,Above 52k,no
571,572,45-54,technician,high.school,0,0,2,1,0,3,5,Above 52k,no
572,573,45-54,unemployed,basic.9y,0,0,2,1,0,3,5,Above 52k,no
573,574,35-44,admin.,high.school,2,0,3,1,0,3,5,Above 52k,no
574,575,45-54,admin.,university.degree,0,0,2,1,0,3,5,Above 52k,no
575,576,35-44,technician,professional.course,0,0,2,1,0,3,5,Above 52k,no
576,577,35-44,admin.,high.school,0,0,4,2,1,3,5,Above 52k,yes
577,578,45-54,blue-collar,basic.9y,0,0,3,1,0,3,5,Above 52k,no
578,579,35-44,technician,professional.course,0,0,2,2,0,3,5,Above 52k,no
579,580,17-24,admin.,high.school,0,0,1,1,1,3,5,Above 52k,no
580,581,17-24,management,university.degree,0,0,2,2,0,3,5,Above 52k,no
581,582,35-44,admin.,university.degree,0,0,4,1,0,3,5,Above 52k,no
582,583,45-54,admin.,high.school,0,0,3,2,0,3,5,Above 52k,no
583,584,45-54,management,university.degree,2,0,3,2,0,3,5,Above 52k,no
584,585,35-44,admin.,high.school,0,0,2,2,0,3,5,Above 52k,no
585,586,17-24,entrepreneur,university.degree,0,0,2,1,1,3,5,Above 52k,no
586,587,45-54,services,high.school,0,1,2,1,0,3,5,Above 52k,no
587,588,55-64,management,university.degree,0,1,4,2,1,3,5,Above 52k,yes
588,589,55-64,technician,professional.course,2,1,2,2,0,3,5,Above 52k,no
589,590,55-64,blue-collar,professional.course,0,1,2,2,0,3,5,Above 52k,no
590,591,55-64,management,university.degree,0,2,3,1,1,3,5,Above 52k,yes
591,592,35-44,management,university.degree,0,2,4,1,1,3,5,Above 52k,yes
592,593,45-54,self-employed,university.degree,0,2,4,1,0,3,5,Above 52k,yes
593,594,17-24,technician,high.school,0,3,4,1,0,3,5,Above 52k,yes
594,595,35-44,management,university.degree,0,3,4,1,0,3,5,Above 52k,yes
595,596,35-44,entrepreneur,high.school,0,3,3,2,0,3,5,Above 52k,yes
596,597,45-54,management,university.degree,0,3,4,2,1,3,5,Above 52k,yes
597,598,35-44,technician,high.school,0,4,4,2,0,3,5,Above 52k,yes
598,599,35-44,self-employed,professional.course,2,4,5,1,0,3,5,Above 52k,yes
599,600,55-64,retired,basic.4y,0,4,3,2,0,3,5,Above 52k,yes
600,601,35-44,blue-collar,professional.course,0,0,2,1,0,4,2,Above 51k,yes
601,602,17-24,technician,university.degree,0,0,2,3,0,4,2,Above 51k,yes
602,603,17-24,technician,professional.course,0,4,3,3,0,4,2,Above 51k,yes
603,604,Above 65,retired,basic.4y,0,2,4,5,0,4,2,Above 51k,yes
604,605,Above 65,retired,basic.4y,0,2,2,1,0,4,2,Above 51k,yes
605,606,17-24,self-employed,university.degree,0,4,6,1,0,4,2,Above 51k,yes
606,607,17-24,technician,professional.course,0,1,2,2,0,4,2,Above 51k,yes
607,608,25-34,student,basic.6y,0,1,2,1,0,4,2,Above 51k,yes
608,609,35-44,unemployed,university.degree,2,4,2,2,1,4,2,Above 51k,yes
609,610,55-64,blue-collar,basic.4y,0,4,2,1,0,4,2,Above 51k,yes
610,611,17-24,technician,university.degree,0,4,2,2,0,4,2,Above 51k,yes
611,612,17-24,blue-collar,basic.6y,0,2,2,2,0,4,2,Above 51k,yes
612,613,17-24,admin.,university.degree,0,3,3,3,0,4,2,Above 51k,yes
613,614,45-54,management,university.degree,2,0,3,6,1,4,2,Above 51k,yes
614,615,17-24,blue-collar,basic.9y,2,0,5,2,1,4,2,Above 51k,yes
615,616,35-44,blue-collar,basic.9y,2,1,4,1,1,4,2,Above 51k,yes
616,617,17-24,technician,basic.9y,0,2,3,2,0,4,2,Above 51k,yes
617,618,Above 65,retired,unknown,0,2,3,1,0,4,2,Above 51k,yes
618,619,17-24,blue-collar,basic.4y,0,3,2,1,0,4,2,Above 51k,yes
619,620,25-34,services,high.school,0,1,5,1,1,4,2,Above 51k,yes
620,621,17-24,admin.,university.degree,0,1,3,1,0,4,2,Above 51k,yes
621,622,17-24,admin.,university.degree,0,1,2,1,0,4,2,Above 51k,yes
622,623,55-64,retired,university.degree,0,1,2,1,0,4,2,Above 51k,yes
623,624,Above 65,retired,basic.4y,0,2,2,2,0,4,2,Above 51k,yes
624,625,17-24,student,high.school,0,2,2,1,0,4,2,Above 51k,yes
625,626,45-54,management,university.degree,0,2,5,1,0,4,2,Above 51k,yes
626,627,17-24,admin.,university.degree,0,3,2,2,0,4,2,Above 51k,yes
627,628,45-54,services,basic.4y,0,3,5,1,1,4,2,Above 51k,yes
628,629,35-44,blue-collar,unknown,0,3,4,1,0,4,2,Above 51k,yes
629,630,45-54,blue-collar,unknown,0,3,4,1,1,4,2,Above 51k,yes
630,631,17-24,student,university.degree,0,3,3,2,0,4,2,Above 51k,yes
631,632,35-44,admin.,university.degree,0,4,4,3,0,4,2,Above 51k,yes
632,633,35-44,admin.,university.degree,0,4,2,1,0,4,2,Above 51k,yes
633,634,35-44,technician,high.school,0,4,3,3,1,4,2,Above 51k,yes
634,635,17-24,management,university.degree,0,0,2,1,0,4,2,Above 51k,yes
635,636,Above 65,retired,high.school,0,0,2,1,0,4,2,Above 51k,yes
636,637,25-34,student,unknown,0,0,2,3,0,4,2,Above 51k,yes
637,638,55-64,services,high.school,0,0,4,1,0,4,2,Above 51k,yes
638,639,Above 65,retired,university.degree,0,0,3,1,0,4,2,Above 51k,yes
639,640,55-64,housemaid,basic.4y,0,0,3,1,0,4,2,Above 51k,yes
640,641,35-44,admin.,university.degree,0,0,2,1,0,4,2,Above 51k,yes
641,642,55-64,self-employed,university.degree,0,1,2,2,0,4,2,Above 51k,yes
642,643,Above 65,retired,basic.4y,0,1,2,1,1,4,2,Above 51k,yes
643,644,17-24,unemployed,university.degree,0,2,3,1,0,4,2,Above 51k,yes
644,645,17-24,admin.,university.degree,0,2,2,1,0,4,2,Above 51k,yes
645,646,55-64,retired,basic.4y,0,2,2,4,1,4,2,Above 51k,yes
646,647,17-24,admin.,university.degree,0,3,2,2,0,4,2,Above 51k,yes
647,648,35-44,admin.,university.degree,0,3,3,4,0,4,2,Above 51k,yes
648,649,45-54,admin.,university.degree,0,4,2,1,0,4,2,Above 51k,yes
649,650,17-24,admin.,university.degree,0,0,2,1,0,4,2,Above 51k,yes
650,651,17-24,admin.,high.school,0,2,3,3,0,4,2,Above 51k,yes
651,652,17-24,admin.,university.degree,0,3,4,1,0,4,2,Above 51k,yes
652,653,45-54,entrepreneur,university.degree,0,3,2,2,1,4,2,Above 51k,yes
653,654,17-24,self-employed,university.degree,0,3,3,1,0,4,2,Above 51k,yes
654,655,17-24,blue-collar,university.degree,0,3,2,2,0,4,2,Above 51k,yes
655,656,35-44,technician,professional.course,0,3,3,2,1,4,2,Above 51k,yes
656,657,45-54,technician,professional.course,0,3,2,1,0,4,2,Above 51k,yes
657,658,35-44,admin.,university.degree,0,3,2,1,0,4,2,Above 51k,yes
658,659,17-24,admin.,university.degree,0,3,4,1,0,4,2,Above 51k,yes
659,660,55-64,admin.,university.degree,0,3,2,1,0,4,2,Above 51k,yes
660,661,45-54,management,university.degree,2,3,2,1,0,4,2,Above 51k,yes
661,662,17-24,admin.,university.degree,0,3,4,2,0,4,2,Above 51k,yes
662,663,17-24,admin.,university.degree,0,3,3,3,0,4,2,Above 51k,yes
663,664,35-44,entrepreneur,university.degree,0,0,3,4,0,4,2,Above 51k,yes
664,665,35-44,admin.,high.school,0,0,3,3,1,4,2,Above 51k,yes
665,666,45-54,admin.,university.degree,0,0,3,1,0,4,2,Above 51k,yes
666,667,17-24,admin.,university.degree,0,0,3,4,0,4,2,Above 51k,yes
667,668,35-44,admin.,professional.course,0,0,3,3,2,4,2,Above 51k,yes
668,669,45-54,self-employed,basic.9y,0,0,4,6,1,4,2,Above 51k,yes
669,670,45-54,technician,unknown,0,1,3,1,0,4,2,Above 51k,yes
670,671,35-44,blue-collar,basic.6y,0,1,4,1,0,4,2,Above 51k,yes
671,672,45-54,blue-collar,basic.6y,0,1,4,3,0,4,2,Above 51k,yes
672,673,35-44,blue-collar,high.school,2,2,4,2,1,4,2,Above 51k,yes
673,674,17-24,technician,university.degree,0,2,5,3,0,4,2,Above 51k,yes
674,675,17-24,blue-collar,basic.6y,0,2,4,2,0,4,2,Above 51k,yes
675,676,17-24,admin.,basic.9y,2,3,4,4,0,4,2,Above 51k,yes
676,677,17-24,blue-collar,basic.9y,2,3,4,1,0,4,2,Above 51k,yes
677,678,17-24,admin.,university.degree,0,3,4,1,1,4,2,Above 51k,yes
678,679,35-44,services,high.school,0,4,3,1,0,4,2,Above 51k,no
679,680,45-54,services,high.school,0,4,2,1,0,4,2,Above 51k,no
680,681,45-54,services,high.school,0,4,3,2,2,4,2,Above 51k,no
681,682,45-54,blue-collar,professional.course,0,4,5,2,0,4,2,Above 51k,no
682,683,17-24,admin.,university.degree,0,4,4,3,1,4,2,Above 51k,yes
683,684,17-24,self-employed,university.degree,0,0,2,3,0,4,2,Above 51k,no
684,685,17-24,blue-collar,basic.9y,2,0,2,1,0,4,2,Above 51k,no
685,686,17-24,admin.,university.degree,0,0,4,1,0,4,2,Above 51k,yes
686,687,45-54,technician,basic.9y,0,0,2,1,0,4,2,Above 51k,no
687,688,17-24,admin.,high.school,0,0,4,1,0,4,2,Above 51k,yes
688,689,17-24,technician,basic.9y,0,0,2,1,0,4,2,Above 51k,no
689,690,17-24,blue-collar,basic.9y,0,0,2,1,0,4,2,Above 51k,no
690,691,35-44,blue-collar,basic.4y,0,0,2,1,0,4,2,Above 51k,no
691,692,35-44,admin.,high.school,2,0,2,2,1,4,2,Above 51k,no
692,693,17-24,admin.,basic.9y,0,0,2,2,0,4,2,Above 51k,no
693,694,35-44,blue-collar,basic.9y,0,0,3,2,0,4,2,Above 51k,yes
694,695,17-24,housemaid,basic.6y,0,0,4,3,0,4,2,Above 51k,yes
695,696,55-64,technician,high.school,0,0,2,1,0,4,2,Above 51k,no
696,697,17-24,blue-collar,basic.9y,2,0,2,3,1,4,2,Above 51k,no
697,698,35-44,services,high.school,2,0,2,2,0,4,2,Above 51k,no
698,699,17-24,admin.,high.school,0,0,2,2,0,4,2,Above 51k,no
699,700,17-24,admin.,high.school,0,0,2,2,1,4,2,Above 51k,no
700,701,17-24,blue-collar,basic.4y,0,0,5,2,0,4,2,Above 51k,yes
701,702,35-44,services,basic.6y,0,1,3,2,0,4,2,Above 51k,yes
702,703,17-24,management,professional.course,0,1,3,2,0,4,2,Above 51k,yes
703,704,35-44,blue-collar,unknown,0,1,1,6,0,4,2,Above 51k,no
704,705,17-24,services,basic.9y,0,1,2,1,1,4,2,Above 51k,no
705,706,17-24,self-employed,high.school,0,1,2,1,1,4,2,Above 51k,no
706,707,35-44,technician,professional.course,0,1,2,1,0,4,2,Above 51k,no
707,708,45-54,retired,basic.4y,2,1,2,1,1,4,2,Above 51k,no
708,709,35-44,blue-collar,basic.6y,2,1,3,4,0,4,2,Above 51k,no
709,710,35-44,blue-collar,basic.4y,0,1,4,1,0,4,2,Above 51k,yes
710,711,35-44,admin.,university.degree,0,1,4,3,0,4,2,Above 51k,yes
711,712,17-24,student,university.degree,0,1,4,3,0,4,2,Above 51k,yes
712,713,17-24,technician,university.degree,2,1,2,4,1,4,2,Above 51k,no
713,714,17-24,technician,high.school,2,1,2,3,0,4,2,Above 51k,no
714,715,35-44,admin.,high.school,0,2,2,1,0,4,2,Above 51k,no
715,716,17-24,blue-collar,basic.9y,0,2,2,2,1,4,2,Above 51k,no
716,717,17-24,admin.,high.school,0,2,4,1,0,4,2,Above 51k,yes
717,718,35-44,technician,high.school,0,2,4,1,0,4,2,Above 51k,yes
718,719,45-54,retired,university.degree,0,2,2,2,1,4,2,Above 51k,no
719,720,17-24,blue-collar,high.school,0,2,3,1,0,4,2,Above 51k,yes
720,721,17-24,blue-collar,basic.6y,0,2,4,1,0,4,2,Above 51k,yes
721,722,35-44,blue-collar,professional.course,0,2,3,2,0,4,2,Above 51k,no
722,723,17-24,services,basic.9y,0,2,3,1,0,4,2,Above 51k,no
723,724,17-24,blue-collar,basic.4y,0,2,2,3,0,4,2,Above 51k,no
724,725,35-44,services,basic.9y,0,2,2,1,1,4,2,Above 51k,no
725,726,17-24,unemployed,high.school,0,2,4,3,0,4,2,Above 51k,yes
726,727,17-24,blue-collar,basic.9y,2,2,2,2,1,4,2,Above 51k,no
727,728,35-44,blue-collar,basic.4y,0,2,2,3,0,4,2,Above 51k,no
728,729,35-44,self-employed,basic.9y,0,2,3,2,0,4,2,Above 51k,yes
729,730,35-44,admin.,high.school,2,2,3,2,0,4,2,Above 51k,no
730,731,35-44,blue-collar,university.degree,0,2,1,3,1,4,2,Above 51k,no
731,732,55-64,services,high.school,2,2,2,0,2,4,2,Above 51k,no
732,733,17-24,services,high.school,0,2,4,2,0,4,2,Above 51k,yes
733,734,35-44,self-employed,basic.9y,0,2,2,2,1,4,2,Above 51k,no
734,735,17-24,admin.,high.school,0,2,3,0,1,4,2,Above 51k,yes
735,736,17-24,admin.,university.degree,0,2,2,2,1,4,2,Above 51k,no
736,737,17-24,blue-collar,basic.6y,0,3,1,0,0,4,2,Above 51k,no
737,738,35-44,services,high.school,0,3,3,1,0,4,2,Above 51k,yes
738,739,17-24,management,university.degree,0,3,4,1,0,4,2,Above 51k,yes
739,740,17-24,blue-collar,basic.9y,0,3,3,3,0,4,2,Above 51k,no
740,741,17-24,entrepreneur,university.degree,0,3,4,1,0,4,2,Above 51k,yes
741,742,17-24,services,high.school,0,3,3,2,0,4,2,Above 51k,no
742,743,17-24,technician,professional.course,0,3,2,3,0,4,2,Above 51k,no
743,744,17-24,services,university.degree,0,3,2,1,0,4,2,Above 51k,no
744,745,17-24,services,high.school,0,3,3,2,0,4,2,Above 51k,no
745,746,17-24,admin.,high.school,2,3,5,1,1,4,2,Above 51k,yes
746,747,17-24,technician,professional.course,0,3,2,1,0,4,2,Above 51k,no
747,748,17-24,technician,professional.course,0,3,3,2,0,4,2,Above 51k,no
748,749,35-44,blue-collar,basic.9y,0,3,2,2,0,4,2,Above 51k,no
749,750,17-24,admin.,high.school,0,3,2,4,0,4,2,Above 51k,no
750,751,17-24,services,high.school,0,3,3,2,1,4,2,Above 51k,no
751,752,17-24,blue-collar,basic.6y,0,3,1,6,1,4,2,Above 51k,no
752,753,17-24,blue-collar,basic.9y,0,3,3,6,0,4,2,Above 51k,no
753,754,35-44,blue-collar,basic.9y,0,3,4,4,0,4,2,Above 51k,yes
754,755,55-64,admin.,university.degree,2,3,2,2,1,4,2,Above 51k,no
755,756,17-24,technician,basic.9y,0,3,2,6,1,4,2,Above 51k,no
756,757,17-24,management,university.degree,0,3,3,2,0,4,2,Above 51k,no
757,758,35-44,blue-collar,basic.9y,0,4,4,3,0,4,2,Above 51k,yes
758,759,17-24,blue-collar,high.school,0,4,1,3,0,4,2,Above 51k,no
759,760,55-64,services,high.school,0,4,2,1,0,4,2,Above 51k,no
760,761,35-44,technician,professional.course,0,4,2,4,0,4,2,Above 51k,no
761,762,45-54,services,high.school,0,4,1,1,0,4,2,Above 51k,no
762,763,35-44,self-employed,basic.9y,0,4,4,1,0,4,2,Above 51k,yes
763,764,17-24,self-employed,university.degree,0,4,2,3,0,4,2,Above 51k,no
764,765,17-24,self-employed,university.degree,0,4,3,1,0,4,2,Above 51k,no
765,766,17-24,entrepreneur,university.degree,0,4,3,1,0,4,2,Above 51k,yes
766,767,55-64,management,university.degree,0,4,2,1,0,4,2,Above 51k,no
767,768,35-44,blue-collar,basic.9y,2,4,1,5,0,4,2,Above 51k,no
768,769,17-24,unemployed,high.school,0,4,1,0,0,4,2,Above 51k,no
769,770,35-44,admin.,university.degree,0,4,4,2,1,4,2,Above 51k,no
770,771,17-24,admin.,professional.course,0,4,1,4,0,4,2,Above 51k,no
771,772,17-24,admin.,university.degree,0,4,2,4,1,4,2,Above 51k,no
772,773,35-44,services,basic.6y,2,4,4,1,1,4,2,Above 51k,yes
773,774,17-24,blue-collar,professional.course,0,4,4,1,1,4,2,Above 51k,no
774,775,35-44,admin.,high.school,0,4,4,4,0,4,2,Above 51k,yes
775,776,17-24,technician,professional.course,0,4,1,3,0,4,2,Above 51k,no
776,777,35-44,management,university.degree,0,0,3,5,0,4,2,Above 51k,no
777,778,17-24,services,university.degree,0,0,1,5,0,4,2,Above 51k,no
778,779,45-54,services,high.school,0,0,1,0,1,4,2,Above 51k,no
779,780,17-24,technician,professional.course,0,0,2,1,0,4,2,Above 51k,no
780,781,45-54,technician,professional.course,0,0,3,1,0,4,2,Above 51k,yes
781,782,55-64,technician,professional.course,0,0,3,3,1,4,2,Above 51k,no
782,783,17-24,blue-collar,basic.4y,0,0,4,2,0,4,2,Above 51k,yes
783,784,35-44,blue-collar,high.school,0,0,1,5,0,4,2,Above 51k,no
784,785,35-44,entrepreneur,professional.course,0,4,2,1,1,4,2,Above 51k,no
785,786,35-44,services,high.school,0,4,3,1,1,4,2,Above 51k,yes
786,787,45-54,admin.,unknown,0,4,2,1,0,4,2,Above 51k,yes
787,788,25-34,student,high.school,0,4,2,1,1,4,2,Above 51k,yes
788,789,17-24,services,high.school,0,4,2,2,0,4,2,Above 51k,yes
789,790,17-24,admin.,university.degree,0,4,3,4,0,4,2,Above 51k,yes
790,791,17-24,admin.,university.degree,0,0,2,1,1,4,2,Above 51k,no
791,792,35-44,technician,university.degree,0,0,2,1,0,4,2,Above 51k,no
792,793,17-24,admin.,university.degree,2,0,2,4,1,4,2,Above 51k,no
793,794,45-54,admin.,university.degree,0,0,2,4,0,4,2,Above 51k,no
794,795,35-44,admin.,university.degree,0,1,2,1,1,4,2,Above 51k,no
795,796,45-54,admin.,university.degree,0,1,2,1,0,4,2,Above 51k,no
796,797,Above 65,retired,university.degree,0,2,2,2,0,4,2,Above 51k,no
797,798,55-64,blue-collar,basic.4y,0,2,2,1,0,4,2,Above 51k,no
798,799,35-44,admin.,university.degree,0,2,2,3,0,4,2,Above 51k,no
799,800,25-34,technician,professional.course,0,2,3,2,0,4,2,Above 51k,yes
800,801,17-24,admin.,university.degree,0,0,2,1,1,3,2,Above 51k,yes
801,802,45-54,admin.,university.degree,0,0,3,1,0,3,2,Above 51k,yes
802,803,17-24,admin.,university.degree,0,0,2,1,1,3,2,Above 51k,yes
803,804,17-24,services,basic.9y,0,0,2,1,0,3,2,Above 51k,yes
804,805,35-44,admin.,university.degree,0,0,3,2,0,3,2,Above 51k,yes
805,806,17-24,admin.,university.degree,0,0,2,1,1,3,2,Above 51k,no
806,807,17-24,admin.,university.degree,0,0,2,1,0,3,2,Above 51k,yes
807,808,17-24,services,university.degree,0,0,1,2,0,3,2,Above 51k,no
808,809,17-24,admin.,university.degree,0,1,4,1,0,3,2,Above 51k,yes
809,810,17-24,admin.,university.degree,0,1,3,1,0,3,2,Above 51k,yes
810,811,35-44,technician,university.degree,0,1,2,1,0,3,2,Above 51k,yes
811,812,45-54,management,basic.9y,0,1,3,1,0,3,2,Above 51k,no
812,813,17-24,unemployed,high.school,0,1,2,1,0,3,2,Above 51k,no
813,814,17-24,admin.,university.degree,0,1,4,1,2,3,2,Above 51k,yes
814,815,25-34,unknown,university.degree,0,1,4,1,0,3,2,Above 51k,yes
815,816,17-24,technician,professional.course,0,2,2,2,0,3,2,Above 51k,yes
816,817,35-44,technician,university.degree,0,2,2,3,0,3,2,Above 51k,no
817,818,17-24,admin.,high.school,0,2,2,4,0,3,2,Above 51k,yes
818,819,35-44,management,university.degree,0,2,3,2,1,3,2,Above 51k,yes
819,820,17-24,services,high.school,0,2,4,2,1,3,2,Above 51k,yes
820,821,17-24,technician,university.degree,0,2,2,2,0,3,2,Above 51k,no
821,822,25-34,services,professional.course,0,3,4,1,0,3,2,Above 51k,yes
822,823,35-44,technician,basic.9y,0,3,3,1,0,3,2,Above 51k,no
823,824,17-24,services,high.school,0,3,3,2,0,3,2,Above 51k,yes
824,825,35-44,technician,professional.course,0,4,3,1,0,3,2,Above 51k,yes
825,826,35-44,blue-collar,basic.6y,0,0,3,6,0,3,2,Above 51k,yes
826,827,17-24,admin.,unknown,0,1,2,0,0,3,2,Above 51k,yes
827,828,45-54,admin.,university.degree,0,4,2,0,1,3,2,Above 51k,yes
828,829,17-24,unemployed,university.degree,0,0,3,3,0,3,2,Above 51k,yes
829,830,17-24,blue-collar,unknown,0,0,2,5,0,3,2,Above 51k,no
830,831,35-44,entrepreneur,university.degree,0,0,3,6,0,3,2,Above 51k,yes
831,832,17-24,admin.,high.school,0,0,3,1,1,3,2,Above 51k,yes
832,833,35-44,technician,professional.course,0,0,2,1,0,3,2,Above 51k,yes
833,834,17-24,technician,professional.course,0,0,3,1,0,3,2,Above 51k,no
834,835,45-54,admin.,high.school,0,2,2,3,0,1,2,Above 51k,yes
835,836,45-54,technician,professional.course,0,3,3,1,1,1,2,Above 51k,yes
836,837,17-24,self-employed,university.degree,0,3,4,1,1,1,2,Above 51k,yes
837,838,35-44,unemployed,basic.9y,0,3,2,1,0,1,2,Above 51k,no
838,839,55-64,entrepreneur,unknown,0,3,3,2,0,1,2,Above 51k,yes
839,840,45-54,admin.,high.school,0,3,2,1,0,1,2,Above 51k,yes
840,841,35-44,admin.,high.school,0,4,2,2,2,1,2,Above 51k,no
841,842,17-24,admin.,university.degree,0,2,2,3,0,1,2,Above 51k,yes
842,843,17-24,student,high.school,0,3,2,2,0,1,2,Above 51k,yes
843,844,17-24,management,university.degree,0,0,2,2,0,1,1,Above 51k,yes
844,845,35-44,admin.,high.school,0,1,3,0,0,1,1,Above 51k,no
845,846,17-24,admin.,university.degree,0,3,2,3,0,1,1,Above 51k,no
846,847,35-44,management,university.degree,0,1,3,5,0,1,1,Above 51k,yes
847,848,35-44,admin.,high.school,0,1,2,1,0,1,1,Above 51k,no
848,849,17-24,student,high.school,0,1,3,1,3,1,1,Above 51k,yes
849,850,17-24,technician,professional.course,0,2,3,1,0,1,1,Above 51k,yes
850,851,17-24,admin.,university.degree,0,4,2,1,0,1,1,Above 51k,yes
851,852,35-44,management,university.degree,0,0,3,1,0,1,1,Above 51k,yes
852,853,35-44,technician,professional.course,0,0,4,1,1,1,1,Above 51k,yes
853,854,17-24,student,professional.course,0,1,2,2,1,1,1,Above 51k,yes
854,855,55-64,entrepreneur,university.degree,2,1,4,1,0,1,1,Above 51k,yes
855,856,55-64,management,university.degree,0,2,2,4,0,1,1,Above 51k,no
856,857,55-64,admin.,basic.9y,0,2,2,1,1,1,1,Above 51k,yes
857,858,35-44,admin.,university.degree,2,3,2,1,1,1,1,Above 51k,no
858,859,25-34,student,high.school,0,3,2,1,2,1,1,Above 51k,no
859,860,25-34,student,high.school,0,3,3,2,0,1,1,Above 51k,no
860,861,25-34,student,basic.6y,0,3,2,2,2,1,1,Above 51k,yes
861,862,35-44,blue-collar,basic.6y,0,3,3,2,1,1,1,Above 51k,yes
862,863,55-64,admin.,high.school,0,3,3,1,0,1,1,Above 51k,yes
863,864,17-24,technician,university.degree,0,3,2,1,0,1,1,Above 51k,no
864,865,55-64,management,university.degree,0,4,2,2,2,1,1,Above 51k,yes
865,866,17-24,unemployed,professional.course,0,4,2,2,0,1,1,Above 51k,yes
866,867,55-64,retired,basic.4y,0,4,2,2,1,1,1,Above 51k,no
867,868,55-64,management,high.school,0,0,3,1,0,1,1,Above 51k,yes
868,869,Above 65,retired,basic.4y,0,0,3,1,0,1,1,Above 51k,yes
869,870,Above 65,retired,high.school,0,0,2,1,0,1,1,Above 51k,yes
870,871,17-24,admin.,university.degree,0,0,2,1,1,1,1,Above 51k,yes
871,872,17-24,unemployed,university.degree,0,1,1,2,0,1,1,Above 51k,no
872,873,Above 65,retired,basic.4y,2,1,2,1,0,1,1,Above 51k,yes
873,874,35-44,technician,university.degree,0,2,2,4,0,1,1,Above 51k,yes
874,875,35-44,admin.,university.degree,0,2,2,2,0,1,1,Above 51k,yes
875,876,Above 65,retired,university.degree,0,2,2,3,0,1,1,Above 51k,yes
876,877,17-24,unemployed,professional.course,0,4,3,2,1,1,1,Above 51k,yes
877,878,35-44,admin.,high.school,0,4,2,1,2,1,1,Above 51k,yes
878,879,25-34,student,unknown,0,4,4,1,2,1,1,Above 51k,yes
879,880,25-34,student,unknown,0,4,3,1,1,1,1,Above 51k,yes
880,881,55-64,retired,university.degree,0,0,2,1,0,1,1,Above 51k,no
881,882,55-64,housemaid,basic.4y,0,1,3,1,0,1,1,Above 51k,yes
882,883,35-44,admin.,high.school,0,1,2,2,2,1,1,Above 51k,yes
883,884,17-24,student,university.degree,0,4,2,1,0,1,1,Above 51k,yes
884,885,17-24,management,university.degree,0,1,3,1,0,0,1,Above 51k,no
885,886,17-24,admin.,high.school,0,1,2,1,0,0,1,Above 51k,yes
886,887,45-54,admin.,unknown,0,1,2,1,0,0,1,Above 51k,yes
887,888,55-64,retired,professional.course,0,3,3,1,1,0,1,Above 51k,yes
888,889,55-64,management,university.degree,0,4,3,2,1,0,1,Above 51k,yes
889,890,55-64,retired,university.degree,0,0,3,1,2,0,1,Above 51k,yes
890,891,45-54,housemaid,basic.4y,0,0,2,1,0,0,1,Above 51k,yes
891,892,17-24,self-employed,university.degree,0,1,3,2,0,0,1,Above 51k,yes
892,893,55-64,retired,basic.4y,0,2,3,1,0,0,1,Above 51k,yes
893,894,35-44,unemployed,unknown,2,2,3,1,1,0,1,Above 51k,yes
894,895,35-44,management,basic.6y,0,3,2,3,0,0,1,Above 51k,yes
895,896,35-44,admin.,high.school,0,4,2,1,0,0,1,Above 51k,yes
896,897,35-44,unemployed,professional.course,0,4,2,1,0,0,1,Above 51k,yes
897,898,45-54,management,university.degree,0,0,3,1,2,0,1,Above 51k,yes
898,899,55-64,entrepreneur,university.degree,0,1,4,1,0,0,1,Above 51k,yes
899,900,17-24,admin.,high.school,0,1,2,2,1,0,1,Above 51k,yes
900,901,25-34,admin.,university.degree,0,1,2,1,1,0,1,Above 51k,yes
901,902,35-44,admin.,high.school,0,3,3,1,0,0,1,Above 51k,yes
902,903,35-44,technician,university.degree,0,1,4,1,2,0,1,Above 51k,yes
903,904,Above 65,retired,basic.4y,2,3,3,1,0,0,1,Above 51k,yes
904,905,17-24,self-employed,university.degree,0,2,2,1,3,0,1,Above 51k,yes
905,906,55-64,admin.,unknown,0,2,2,1,1,0,1,Above 51k,yes
906,907,35-44,admin.,university.degree,0,0,2,1,1,0,1,Above 51k,yes
907,908,35-44,management,university.degree,0,0,2,1,0,0,1,Above 51k,yes
908,909,17-24,student,basic.9y,0,1,2,1,1,0,1,Above 51k,no
909,910,17-24,technician,professional.course,0,4,2,2,0,0,1,Above 51k,yes
910,911,55-64,retired,university.degree,2,4,4,2,0,0,1,Above 51k,yes
911,912,17-24,admin.,university.degree,0,0,2,1,1,0,1,Above 51k,no
912,913,55-64,housemaid,basic.4y,0,1,3,2,1,0,1,Above 51k,yes
913,914,35-44,admin.,high.school,0,1,3,1,0,0,1,Above 51k,yes
914,915,17-24,blue-collar,basic.9y,0,2,2,2,0,0,1,Above 51k,yes
915,916,17-24,technician,professional.course,0,2,3,2,1,0,1,Above 51k,yes
916,917,25-34,admin.,university.degree,0,3,2,1,0,0,1,Above 51k,yes
917,918,55-64,technician,professional.course,0,1,2,1,0,0,1,Above 51k,yes
918,919,17-24,technician,university.degree,0,1,2,1,0,0,1,Above 51k,yes
919,920,17-24,technician,professional.course,0,3,5,2,0,0,1,Above 51k,yes
920,921,55-64,retired,high.school,0,3,3,2,1,0,1,Above 51k,yes
921,922,55-64,admin.,basic.9y,0,0,2,3,0,1,1,Above 51k,no
922,923,17-24,unemployed,basic.9y,0,1,3,1,0,1,1,Above 51k,yes
923,924,45-54,management,university.degree,0,4,3,2,1,1,1,Above 51k,yes
924,925,Above 65,unknown,unknown,2,0,2,1,1,1,1,Above 51k,yes
925,926,Above 65,retired,basic.4y,0,0,3,4,1,1,1,Above 51k,yes
926,927,35-44,admin.,university.degree,0,1,2,2,1,1,1,Above 51k,yes
927,928,45-54,admin.,university.degree,0,1,2,5,1,1,1,Above 51k,no
928,929,Above 65,retired,basic.6y,0,2,2,1,0,1,1,Above 51k,yes
929,930,25-34,student,high.school,0,2,2,1,3,1,1,Above 51k,yes
930,931,25-34,student,high.school,0,2,2,2,3,1,1,Above 51k,yes
931,932,35-44,admin.,university.degree,0,3,2,1,3,1,1,Above 51k,yes
932,933,17-24,admin.,university.degree,0,3,2,1,2,1,1,Above 51k,yes
933,934,35-44,technician,professional.course,0,3,2,2,1,1,1,Above 51k,yes
934,935,17-24,self-employed,university.degree,0,3,4,2,2,1,1,Above 51k,yes
935,936,35-44,admin.,university.degree,0,3,3,4,0,1,1,Above 51k,yes
936,937,17-24,admin.,high.school,0,4,3,1,1,1,1,Above 51k,yes
937,938,45-54,technician,professional.course,0,4,3,1,1,1,1,Above 51k,yes
938,939,35-44,technician,university.degree,0,0,2,1,2,1,1,Above 51k,yes
939,940,55-64,retired,basic.4y,0,0,3,1,3,1,1,Above 51k,yes
940,941,17-24,blue-collar,high.school,0,0,2,1,0,1,1,Above 51k,yes
941,942,25-34,student,unknown,0,0,3,1,1,1,1,Above 51k,yes
942,943,Above 65,retired,basic.4y,0,1,2,1,3,1,1,Above 51k,yes
943,944,17-24,admin.,university.degree,0,1,2,2,0,1,1,Above 51k,no
944,945,17-24,technician,university.degree,0,2,3,1,0,1,1,Above 51k,yes
945,946,35-44,admin.,university.degree,0,0,2,3,0,1,1,Above 51k,no
946,947,45-54,admin.,university.degree,0,4,4,0,0,1,1,Above 51k,yes
947,948,45-54,technician,high.school,0,0,4,3,0,1,1,Above 51k,yes
948,949,Above 65,retired,basic.4y,0,4,2,3,0,1,1,Above 51k,yes
949,950,45-54,admin.,university.degree,0,1,3,2,0,1,1,Above 51k,yes
950,951,25-34,student,basic.9y,0,1,2,2,0,1,1,Above 51k,yes
951,952,45-54,admin.,university.degree,0,0,4,1,2,1,1,Above 51k,yes
952,953,17-24,technician,university.degree,0,1,2,1,1,1,1,Above 51k,yes
953,954,Above 65,retired,professional.course,0,1,2,1,1,1,0,Above 51k,yes
954,955,25-34,student,basic.9y,0,2,2,2,1,1,0,Above 51k,yes
955,956,17-24,admin.,professional.course,0,3,3,3,1,1,0,Above 51k,yes
956,957,17-24,unemployed,high.school,0,4,3,4,1,1,0,Above 51k,yes
957,958,17-24,student,high.school,0,4,2,1,0,1,0,Above 51k,yes
958,959,45-54,blue-collar,basic.9y,2,0,2,4,1,1,0,Above 51k,yes
959,960,35-44,housemaid,high.school,0,4,3,1,1,1,0,Above 51k,yes
960,961,55-64,technician,unknown,0,0,2,1,1,1,0,Above 51k,yes
961,962,17-24,self-employed,university.degree,0,0,3,0,0,1,0,Above 51k,yes
962,963,17-24,unemployed,professional.course,0,0,3,1,0,1,0,Above 51k,no
963,964,45-54,technician,basic.9y,0,2,2,3,0,1,0,Above 51k,yes
964,965,Above 65,retired,basic.9y,0,0,2,2,1,1,0,Above 51k,yes
965,966,17-24,technician,university.degree,0,0,4,2,2,1,0,Above 51k,yes
966,967,35-44,technician,high.school,0,0,2,1,2,1,0,Above 51k,yes
967,968,17-24,admin.,university.degree,0,1,2,4,0,1,0,Above 51k,yes
968,969,35-44,admin.,high.school,0,3,3,2,0,1,0,Above 51k,yes
969,970,17-24,admin.,university.degree,0,3,3,2,0,1,0,Above 51k,yes
970,971,35-44,admin.,high.school,0,3,2,1,0,1,0,Above 51k,yes
971,972,17-24,admin.,university.degree,0,1,2,3,0,1,0,Above 51k,yes
972,973,25-34,student,basic.4y,0,1,2,1,1,1,0,Above 51k,yes
973,974,45-54,admin.,university.degree,0,3,2,1,2,1,0,Above 51k,yes
974,975,35-44,admin.,university.degree,0,4,4,6,0,1,0,Above 51k,yes
975,976,Above 65,housemaid,basic.4y,2,1,2,6,1,1,0,Above 51k,yes
976,977,Above 65,retired,basic.4y,0,2,3,1,0,1,0,Above 51k,yes
977,978,17-24,admin.,university.degree,0,2,4,1,1,1,0,Above 51k,yes
978,979,35-44,admin.,unknown,0,3,2,1,0,1,0,Above 51k,no
979,980,35-44,technician,professional.course,0,3,2,1,1,1,0,Above 51k,yes
980,981,35-44,technician,professional.course,0,1,2,2,2,2,0,Above 51k,yes
981,982,45-54,technician,university.degree,0,3,2,1,3,2,0,Above 51k,yes
982,983,17-24,student,high.school,0,4,3,3,0,2,0,Above 51k,yes
983,984,17-24,student,high.school,0,4,2,2,2,2,0,Above 51k,yes
984,985,35-44,entrepreneur,professional.course,0,0,3,6,3,2,0,Above 51k,yes
985,986,55-64,technician,professional.course,0,0,3,5,0,2,0,Above 51k,yes
986,987,55-64,management,university.degree,0,3,2,1,3,2,0,Above 51k,yes
987,988,35-44,services,high.school,0,3,3,2,3,2,0,Above 51k,yes
988,989,17-24,admin.,university.degree,0,4,3,3,2,2,0,Above 51k,yes
989,990,17-24,admin.,university.degree,0,4,3,5,0,2,0,Above 51k,yes
990,991,Above 65,retired,university.degree,0,1,3,1,0,2,0,Above 51k,yes
991,992,17-24,admin.,professional.course,0,3,2,2,0,2,0,Above 51k,yes
992,993,17-24,student,university.degree,0,4,4,2,0,2,0,Above 51k,yes
993,994,Above 65,retired,unknown,2,2,3,3,1,2,0,Above 51k,yes
994,995,17-24,services,high.school,0,3,2,1,0,2,0,Above 51k,yes
995,996,35-44,admin.,university.degree,0,3,4,1,2,2,0,Above 51k,yes
996,997,17-24,services,university.degree,0,4,3,3,0,2,0,Above 51k,yes
997,998,17-24,student,basic.9y,0,0,4,1,0,2,1,Above 51k,yes
998,999,45-54,technician,university.degree,0,1,3,1,1,2,1,Above 51k,yes